{"Train_Loss/Task2": 7.658477255634642e-05, "Train_Acc/Task2": 1.0, "_timestamp": 1720083161.1603353, "_runtime": 380.3503053188324, "_step": 30, "Eval_Loss/Task2": 1.3886855848031092, "Eval_Acc/Task2": 0.7855946398659966, "Eval_Micro_F1/Task2": 0.7855946398659966, "Eval_Macro_F1/Task2": 0.736781727714477, "_wandb": {"runtime": 379}}