{"Train_Loss/Task0": 0.0004407596692352952, "Train_Acc/Task0": 0.9959443800695249, "_timestamp": 1720078604.39333, "_runtime": 538.1878380775452, "_step": 30, "Eval_Loss/Task0": 0.8359794150005785, "Eval_Acc/Task0": 0.8678571428571429, "Eval_Micro_F1/Task0": 0.8678571428571429, "Eval_Macro_F1/Task0": 0.7998118289417366, "_wandb": {"runtime": 537}}