{"Train_Loss/Task1": 0.0013438767663166418, "Train_Acc/Task1": 0.9901315789473685, "_timestamp": 1720080836.748012, "_runtime": 267.94383215904236, "_step": 30, "Eval_Loss/Task1": 1.5755397048812014, "Eval_Acc/Task1": 0.7125890736342043, "Eval_Micro_F1/Task1": 0.7125890736342043, "Eval_Macro_F1/Task1": 0.6638494841196669, "_wandb": {"runtime": 267}}