{"Train_Loss/Task5": 0.004821100172019847, "Train_Acc/Task5": 0.9652173913043478, "_timestamp": 1720085800.993461, "_runtime": 104.68521785736084, "_step": 30, "Eval_Loss/Task5": 0.22525843944751656, "Eval_Acc/Task5": 0.9217252396166135, "Eval_Micro_F1/Task5": 0.9217252396166135, "Eval_Macro_F1/Task5": 0.889245545305194, "_wandb": {"runtime": 103}}