{"Train_Loss/Task2": 0.00010815752485758765, "Train_Acc/Task2": 1.0, "_timestamp": 1720085100.0833502, "_runtime": 381.3945951461792, "_step": 30, "Eval_Loss/Task2": 1.5381729525386807, "Eval_Acc/Task2": 0.775963149078727, "Eval_Micro_F1/Task2": 0.775963149078727, "Eval_Macro_F1/Task2": 0.7263827113677979, "_wandb": {"runtime": 380}}