{"Train_Loss/Task0": 0.0004227182811092761, "Train_Acc/Task0": 0.997102499094531, "_timestamp": 1720086839.6573515, "_runtime": 441.7440004348755, "_step": 30, "Eval_Loss/Task0": 0.9817106060204588, "Eval_Acc/Task0": 0.8480463096960926, "Eval_Micro_F1/Task0": 0.8480463096960927, "Eval_Macro_F1/Task0": 0.777043085905801, "_wandb": {"runtime": 441}}