{"Train_Loss/Task3": 0.0051768107201405275, "Train_Acc/Task3": 0.9623430962343096, "_timestamp": 1720085215.3525674, "_runtime": 101.60952544212341, "_step": 30, "Eval_Loss/Task3": 0.4586442009416185, "Eval_Acc/Task3": 0.8752260397830018, "Eval_Micro_F1/Task3": 0.8752260397830018, "Eval_Macro_F1/Task3": 0.8585252994894498, "_wandb": {"runtime": 101}}