{"Train_Loss/Task0": 0.0005067233590969551, "Train_Acc/Task0": 0.9950753186558516, "_timestamp": 1720086333.0320613, "_runtime": 518.2714114189148, "_step": 28, "_wandb": {"runtime": 519}}