{"Train_Loss/Task0": 0.0018597561640150363, "Train_Acc/Task0": 0.9916696848967765, "_timestamp": 1720087633.0025547, "_runtime": 227.15343570709229, "_step": 14}