{"Train_Loss/Task0": 0.004246874068180967, "Train_Acc/Task0": 0.977544367982615, "_timestamp": 1720087604.4304445, "_runtime": 198.58132553100586, "_step": 12}