{"Train_Loss/Task2": 8.828986337098326e-05, "Train_Acc/Task2": 1.0, "_timestamp": 1720079291.083127, "_runtime": 381.93836092948914, "_step": 30, "Eval_Loss/Task2": 1.476265552118637, "Eval_Acc/Task2": 0.7860134003350083, "Eval_Micro_F1/Task2": 0.7860134003350083, "Eval_Macro_F1/Task2": 0.7371279141425812, "_wandb": {"runtime": 381}}