{"Train_Loss/Task0": 0.0004405916382195672, "Train_Acc/Task0": 0.996234067207416, "_timestamp": 1720084421.0778244, "_runtime": 538.0356702804565, "_step": 30, "Eval_Loss/Task0": 0.9057368222592881, "Eval_Acc/Task0": 0.8669642857142857, "Eval_Micro_F1/Task0": 0.8669642857142857, "Eval_Macro_F1/Task0": 0.7897071022160168, "_wandb": {"runtime": 537}}