{"Train_Loss/Task1": 0.0019674835844182923, "Train_Acc/Task1": 0.9917763157894737, "_timestamp": 1720087028.1798697, "_runtime": 173.19837975502014, "_step": 21, "_wandb": {"runtime": 176}}