{"Train_Loss/Task3": 0.00387873551632944, "Train_Acc/Task3": 0.9707112970711297, "_timestamp": 1720079410.8215575, "_runtime": 102.42916250228882, "_step": 30, "Eval_Loss/Task3": 0.42856967997540185, "Eval_Acc/Task3": 0.8788426763110307, "Eval_Micro_F1/Task3": 0.8788426763110307, "Eval_Macro_F1/Task3": 0.8633878169556769, "_wandb": {"runtime": 101}}