{"Train_Loss/Task4": 0.0006815859383950062, "Train_Acc/Task4": 0.9932508436445444, "_timestamp": 1720081811.8951297, "_runtime": 449.9223737716675, "_step": 30, "Eval_Loss/Task4": 1.8943969806910284, "Eval_Acc/Task4": 0.7383076507164098, "Eval_Micro_F1/Task4": 0.7383076507164098, "Eval_Macro_F1/Task4": 0.40611331112061166, "_wandb": {"runtime": 449}}