{"Train_Loss/Task5": 0.0048507799495659445, "Train_Acc/Task5": 0.9739130434782609, "_timestamp": 1720080000.476071, "_runtime": 105.99544477462769, "_step": 30, "Eval_Loss/Task5": 0.2203372285237161, "Eval_Acc/Task5": 0.9217252396166135, "Eval_Micro_F1/Task5": 0.9217252396166135, "Eval_Macro_F1/Task5": 0.8886989967161958, "_wandb": {"runtime": 105}}