{"Train_Loss/Task3": 0.004440950194206167, "Train_Acc/Task3": 0.9623430962343096, "_timestamp": 1720081347.5909288, "_runtime": 101.85697674751282, "_step": 30, "Eval_Loss/Task3": 0.3897059483025863, "Eval_Acc/Task3": 0.8770343580470162, "Eval_Micro_F1/Task3": 0.8770343580470162, "Eval_Macro_F1/Task3": 0.8622806246520758, "_wandb": {"runtime": 101}}