{"Train_Loss/Task0": 0.0005886329034948404, "Train_Acc/Task0": 0.9950753186558516, "_timestamp": 1720080555.60734, "_runtime": 537.9567830562592, "_step": 30, "Eval_Loss/Task0": 0.9618736237251662, "Eval_Acc/Task0": 0.8580357142857142, "Eval_Micro_F1/Task0": 0.8580357142857142, "Eval_Macro_F1/Task0": 0.7817608571065168, "_wandb": {"runtime": 537}}