{"Train_Loss/Task1": 0.0015201374356892253, "Train_Acc/Task1": 0.9894736842105263, "_timestamp": 1720084703.8499174, "_runtime": 268.08997440338135, "_step": 30, "Eval_Loss/Task1": 1.5713879325893882, "Eval_Acc/Task1": 0.7244655581947743, "Eval_Micro_F1/Task1": 0.7244655581947743, "Eval_Macro_F1/Task1": 0.6780712555276772, "_wandb": {"runtime": 267}}